,insert_date,origin,destination,start_date,end_date,train_type,price,train_class,fare
0,19/04/19 5:31,DELHI-SAFDAR,AGRA CANTT,29/05/19 6:20,29/05/19 9:16,Super Fast,38.55,2AC,Promo
1,19/04/19 5:31,DELHI-SAFDAR,AGRA CANTT,29/05/19 7:00,29/05/19 9:32,Passenger Train,53.4,2AC,Promo
2,19/04/19 5:31,DELHI-SAFDAR,AGRA CANTT,29/05/19 7:30,29/05/19 9:51,Passenger Train,47.3,2AC,Promo
3,19/04/19 5:31,DELHI-SAFDAR,AGRA CANTT,29/05/19 8:00,29/05/19 10:32,Super Fast,69.4,1AC,Promo
4,19/04/19 5:31,DELHI-SAFDAR,AGRA CANTT,29/05/19 8:30,29/05/19 11:14,Express Train,,1AC,Promo
5,19/04/19 5:31,DELHI-SAFDAR,AGRA CANTT,29/05/19 9:00,29/05/19 11:38,Passenger Train,60.3,1AC,Promo
6,19/04/19 5:31,DELHI-SAFDAR,AGRA CANTT,29/05/19 9:45,29/05/19 12:27,INTERCITY,62.2,1AC,Flexible
7,19/04/19 5:31,DELHI-SAFDAR,AGRA CANTT,29/05/19 10:00,29/05/19 12:32,Passenger Train,47.3,2AC,Promo
8,19/04/19 5:31,DELHI-SAFDAR,AGRA CANTT,29/05/19 11:00,29/05/19 13:32,Passenger Train,53.4,2AC,Promo
9,19/04/19 5:31,DELHI-SAFDAR,AGRA CANTT,29/05/19 11:05,29/05/19 13:41,Express Train,,1AC,Promo
10,19/04/19 5:31,DELHI-SAFDAR,AGRA CANTT,29/05/19 12:00,29/05/19 14:32,Passenger Train,53.4,1AC,Promo
11,19/04/19 5:31,DELHI-SAFDAR,AGRA CANTT,29/05/19 13:00,29/05/19 15:40,Passenger Train,53.4,1AC,Promo
12,19/04/19 5:31,DELHI-SAFDAR,AGRA CANTT,29/05/19 13:30,29/05/19 16:05,Express Train,,1AC,Promo
13,19/04/19 5:31,DELHI-SAFDAR,AGRA CANTT,29/05/19 14:00,29/05/19 16:32,Passenger Train,60.3,1AC,Promo
14,19/04/19 5:31,DELHI-SAFDAR,AGRA CANTT,29/05/19 15:00,29/05/19 17:21,Passenger Train,60.3,1AC,Promo
15,19/04/19 5:31,DELHI-SAFDAR,AGRA CANTT,29/05/19 16:00,29/05/19 18:30,Passenger Train,60.3,1AC,Promo
16,19/04/19 5:31,DELHI-SAFDAR,AGRA CANTT,29/05/19 16:30,29/05/19 18:51,Passenger Train,76.3,1AC,Flexible
17,19/04/19 5:31,DELHI-SAFDAR,AGRA CANTT,29/05/19 17:00,29/05/19 19:38,Super Fast,76.3,1AC,Flexible
18,19/04/19 5:31,DELHI-SAFDAR,AGRA CANTT,29/05/19 18:00,29/05/19 20:32,Super Fast,76.3,1AC,Flexible
19,19/04/19 5:31,DELHI-SAFDAR,AGRA CANTT,29/05/19 18:35,29/05/19 21:08,Super Fast,67.2,1AC,Flexible
20,19/04/19 5:31,DELHI-SAFDAR,AGRA CANTT,29/05/19 19:00,29/05/19 21:38,Super Fast,76.3,1AC,Flexible
21,19/04/19 5:31,DELHI-SAFDAR,AGRA CANTT,29/05/19 19:30,29/05/19 22:05,Passenger Train,60.3,1AC,Promo
22,19/04/19 5:31,DELHI-SAFDAR,AGRA CANTT,29/05/19 20:35,29/05/19 23:15,Passenger Train,53.4,2AC,Promo
23,19/04/19 5:31,DELHI-SAFDAR,AGRA CANTT,29/05/19 21:25,30/05/19 0:10,Super Fast,43.55,2AC,Promo
24,19/04/19 5:31,DELHI-SAFDAR,AGRA CANTT,23/04/19 6:20,23/04/19 9:16,Super Fast,43.55,2AC,Promo
25,19/04/19 5:31,DELHI-SAFDAR,AGRA CANTT,23/04/19 7:00,23/04/19 9:32,Super Fast,76.3,1AC,Flexible
26,19/04/19 5:31,DELHI-SAFDAR,AGRA CANTT,23/04/19 7:30,23/04/19 9:51,Super Fast,76.3,1AC,Flexible
27,19/04/19 5:31,DELHI-SAFDAR,AGRA CANTT,23/04/19 8:00,23/04/19 10:32,Super Fast,76.3,1AC,Flexible
28,19/04/19 5:31,DELHI-SAFDAR,AGRA CANTT,23/04/19 8:30,23/04/19 11:14,Express Train,,1AC,Flexible
29,19/04/19 5:31,DELHI-SAFDAR,AGRA CANTT,23/04/19 9:00,23/04/19 11:38,Super Fast,76.3,1AC,Flexible
30,19/04/19 5:31,DELHI-SAFDAR,AGRA CANTT,23/04/19 9:45,23/04/19 12:27,INTERCITY,62.2,1AC,Flexible
31,19/04/19 5:31,DELHI-SAFDAR,AGRA CANTT,23/04/19 10:00,23/04/19 12:32,Super Fast,76.3,1AC,Flexible
32,19/04/19 5:31,DELHI-SAFDAR,AGRA CANTT,23/04/19 11:00,23/04/19 13:32,Passenger Train,69.4,2AC,Promo
33,19/04/19 5:31,DELHI-SAFDAR,AGRA CANTT,23/04/19 11:05,23/04/19 13:41,Express Train,67.2,1AC,Flexible
34,19/04/19 5:31,DELHI-SAFDAR,AGRA CANTT,23/04/19 12:00,23/04/19 14:32,Passenger Train,53.4,2AC,Promo
35,19/04/19 5:31,DELHI-SAFDAR,AGRA CANTT,23/04/19 13:00,23/04/19 15:40,Passenger Train,47.3,2AC,Promo
36,19/04/19 5:31,DELHI-SAFDAR,AGRA CANTT,23/04/19 13:10,23/04/19 20:51,MD-LD,34.35,2AC,Promo
37,19/04/19 5:31,DELHI-SAFDAR,AGRA CANTT,23/04/19 13:30,23/04/19 16:05,Express Train,,1AC,Promo
38,19/04/19 5:31,DELHI-SAFDAR,AGRA CANTT,23/04/19 14:00,23/04/19 16:32,Passenger Train,60.3,1AC,Promo
39,19/04/19 5:31,DELHI-SAFDAR,AGRA CANTT,23/04/19 15:00,23/04/19 17:21,Passenger Train,69.4,1AC,Promo
40,19/04/19 5:31,DELHI-SAFDAR,AGRA CANTT,23/04/19 16:00,23/04/19 18:30,Passenger Train,69.4,2AC,Promo
41,19/04/19 5:31,DELHI-SAFDAR,AGRA CANTT,23/04/19 16:30,23/04/19 18:51,Passenger Train,53.4,2AC,Promo
42,19/04/19 5:31,DELHI-SAFDAR,AGRA CANTT,23/04/19 17:00,23/04/19 19:38,Super Fast,76.3,1AC,Flexible
43,19/04/19 5:31,DELHI-SAFDAR,AGRA CANTT,23/04/19 18:00,23/04/19 20:32,Super Fast,76.3,1AC,Flexible
44,19/04/19 5:31,DELHI-SAFDAR,AGRA CANTT,23/04/19 19:00,23/04/19 21:38,Passenger Train,69.4,1AC,Promo
45,19/04/19 5:31,DELHI-SAFDAR,AGRA CANTT,23/04/19 20:35,23/04/19 23:15,Passenger Train,53.4,2AC,Promo
46,19/04/19 5:31,DELHI-SAFDAR,AGRA CANTT,23/04/19 21:25,24/04/19 0:10,Super Fast,38.55,2AC,Promo
47,19/04/19 5:32,DELHI-SAFDAR,AGRA CANTT,26/05/19 7:00,26/05/19 9:55,Super Fast,43.55,2AC,Promo
48,19/04/19 5:32,DELHI-SAFDAR,AGRA CANTT,26/05/19 8:30,26/05/19 11:14,Express Train,,1AC,Flexible
49,19/04/19 5:32,DELHI-SAFDAR,AGRA CANTT,26/05/19 9:00,26/05/19 11:38,Super Fast,76.3,1AC,Flexible
50,19/04/19 5:32,DELHI-SAFDAR,AGRA CANTT,26/05/19 11:00,26/05/19 13:32,Super Fast,76.3,1AC,Flexible
51,19/04/19 5:32,DELHI-SAFDAR,AGRA CANTT,26/05/19 11:05,26/05/19 13:41,Express Train,,2AC,Promo
52,19/04/19 5:32,DELHI-SAFDAR,AGRA CANTT,26/05/19 12:00,26/05/19 14:32,Super Fast,69.4,2AC,Promo
53,19/04/19 5:32,DELHI-SAFDAR,AGRA CANTT,26/05/19 13:00,26/05/19 15:40,Passenger Train,53.4,1AC,Promo
54,19/04/19 5:32,DELHI-SAFDAR,AGRA CANTT,26/05/19 13:30,26/05/19 16:05,Express Train,,1AC,Promo
55,19/04/19 5:32,DELHI-SAFDAR,AGRA CANTT,26/05/19 14:00,26/05/19 16:32,Passenger Train,53.4,2AC,Promo
56,19/04/19 5:32,DELHI-SAFDAR,AGRA CANTT,26/05/19 15:00,26/05/19 17:21,Passenger Train,53.4,2AC,Promo
57,19/04/19 5:32,DELHI-SAFDAR,AGRA CANTT,26/05/19 16:00,26/05/19 18:30,Passenger Train,60.3,1AC,Promo
58,19/04/19 5:32,DELHI-SAFDAR,AGRA CANTT,26/05/19 16:30,26/05/19 18:51,Passenger Train,53.4,2AC,Promo
59,19/04/19 5:32,DELHI-SAFDAR,AGRA CANTT,26/05/19 17:00,26/05/19 19:38,Passenger Train,53.4,2AC,Promo
60,19/04/19 5:32,DELHI-SAFDAR,AGRA CANTT,26/05/19 18:00,26/05/19 20:32,Passenger Train,60.3,1AC,Promo
61,19/04/19 5:32,DELHI-SAFDAR,AGRA CANTT,26/05/19 18:35,26/05/19 21:08,Express Train,,1AC,Promo
62,19/04/19 5:32,DELHI-SAFDAR,AGRA CANTT,26/05/19 19:00,26/05/19 21:38,Passenger Train,60.3,1AC,Promo
63,19/04/19 5:32,DELHI-SAFDAR,AGRA CANTT,26/05/19 19:30,26/05/19 22:05,Passenger Train,69.4,1AC,Promo
64,19/04/19 5:32,DELHI-SAFDAR,AGRA CANTT,26/05/19 20:00,26/05/19 22:21,Passenger Train,64.05,1AC,Promo
65,19/04/19 5:32,DELHI-SAFDAR,AGRA CANTT,26/05/19 20:35,26/05/19 23:15,Passenger Train,47.3,2AC,Promo
66,19/04/19 5:32,DELHI-SAFDAR,AGRA CANTT,26/05/19 21:25,27/05/19 0:10,Super Fast,43.55,2AC,Promo
67,19/04/19 5:32,AGRA CANTT,DELHI-SAFDAR,28/05/19 6:10,28/05/19 8:58,Super Fast,43.55,2AC,Promo
68,19/04/19 5:32,AGRA CANTT,DELHI-SAFDAR,28/05/19 6:45,28/05/19 9:15,Super Fast,76.3,1AC,Flexible
69,19/04/19 5:32,AGRA CANTT,DELHI-SAFDAR,28/05/19 7:15,28/05/19 9:55,Passenger Train,53.4,2AC,Promo
70,19/04/19 5:32,AGRA CANTT,DELHI-SAFDAR,28/05/19 7:40,28/05/19 10:05,Passenger Train,60.3,1AC,Promo
71,19/04/19 5:32,AGRA CANTT,DELHI-SAFDAR,28/05/19 8:45,28/05/19 11:15,Super Fast,76.3,1AC,Flexible
72,19/04/19 5:32,AGRA CANTT,DELHI-SAFDAR,28/05/19 9:40,28/05/19 12:23,Passenger Train,69.4,1AC,Promo
73,19/04/19 5:32,AGRA CANTT,DELHI-SAFDAR,28/05/19 9:50,28/05/19 12:36,Express Train,,1AC,Promo
74,19/04/19 5:32,AGRA CANTT,DELHI-SAFDAR,28/05/19 10:45,28/05/19 13:17,Passenger Train,53.4,2AC,Promo
75,19/04/19 5:32,AGRA CANTT,DELHI-SAFDAR,28/05/19 11:45,28/05/19 14:17,Passenger Train,47.3,2AC,Promo
76,19/04/19 5:32,AGRA CANTT,DELHI-SAFDAR,28/05/19 12:18,28/05/19 14:56,Express Train,,2AC,Promo
77,19/04/19 5:32,AGRA CANTT,DELHI-SAFDAR,28/05/19 12:40,28/05/19 15:23,Passenger Train,47.3,2AC,Promo
78,19/04/19 5:32,AGRA CANTT,DELHI-SAFDAR,28/05/19 13:40,28/05/19 16:10,Passenger Train,47.3,2AC,Promo
79,19/04/19 5:32,AGRA CANTT,DELHI-SAFDAR,28/05/19 14:45,28/05/19 17:15,Passenger Train,47.3,2AC,Promo
80,19/04/19 5:32,AGRA CANTT,DELHI-SAFDAR,28/05/19 14:58,28/05/19 17:50,Express Train,47.05,2AC,Promo
81,19/04/19 5:32,AGRA CANTT,DELHI-SAFDAR,28/05/19 15:45,28/05/19 18:15,Passenger Train,69.4,1AC,Promo
82,19/04/19 5:32,AGRA CANTT,DELHI-SAFDAR,28/05/19 16:15,28/05/19 18:54,Passenger Train,53.4,2AC,Promo
83,19/04/19 5:32,AGRA CANTT,DELHI-SAFDAR,28/05/19 16:45,28/05/19 19:17,Super Fast,76.3,1AC,Flexible
84,19/04/19 5:32,AGRA CANTT,DELHI-SAFDAR,28/05/19 17:45,28/05/19 20:17,Passenger Train,60.3,1AC,Promo
85,19/04/19 5:32,AGRA CANTT,DELHI-SAFDAR,28/05/19 18:45,28/05/19 21:17,Passenger Train,60.3,1AC,Promo
86,19/04/19 5:32,AGRA CANTT,DELHI-SAFDAR,28/05/19 19:19,28/05/19 21:59,INTERCITY,62.2,1AC,Flexible
87,19/04/19 5:32,AGRA CANTT,DELHI-SAFDAR,28/05/19 19:45,28/05/19 22:17,Passenger Train,47.3,2AC,Promo
88,19/04/19 5:32,AGRA CANTT,DELHI-SAFDAR,28/05/19 20:36,28/05/19 23:14,Express Train,67.2,1AC,Flexible
89,19/04/19 5:32,AGRA CANTT,DELHI-SAFDAR,28/05/19 21:00,28/05/19 23:52,Super Fast,38.55,2AC,Promo
90,19/04/19 5:32,AGRA CANTT,DELHI-SAFDAR,26/05/19 7:00,26/05/19 10:02,Super Fast,,SL,Flexible
91,19/04/19 5:32,AGRA CANTT,DELHI-SAFDAR,26/05/19 8:45,26/05/19 21:10,MD,52.5,2AC,Flexible
92,19/04/19 5:32,AGRA CANTT,DELHI-SAFDAR,26/05/19 8:45,26/05/19 11:15,Passenger Train,,1AC,Flexible
93,19/04/19 5:32,AGRA CANTT,DELHI-SAFDAR,26/05/19 9:50,26/05/19 12:36,Express Train,,1AC,Flexible
94,19/04/19 5:32,AGRA CANTT,DELHI-SAFDAR,26/05/19 10:45,26/05/19 13:17,Passenger Train,,1AC,Flexible
95,19/04/19 5:32,AGRA CANTT,DELHI-SAFDAR,26/05/19 11:45,26/05/19 14:17,Super Fast,76.3,1AC,Flexible
96,19/04/19 5:32,AGRA CANTT,DELHI-SAFDAR,26/05/19 12:18,26/05/19 14:56,Express Train,,1AC,Flexible
97,19/04/19 5:32,AGRA CANTT,DELHI-SAFDAR,26/05/19 12:40,26/05/19 15:23,Passenger Train,,1AC,Flexible
98,19/04/19 5:32,AGRA CANTT,DELHI-SAFDAR,26/05/19 13:40,26/05/19 16:10,Passenger Train,,1AC,Flexible
99,19/04/19 5:32,AGRA CANTT,DELHI-SAFDAR,26/05/19 14:45,26/05/19 17:15,Super Fast,76.3,1AC,Flexible
100,19/04/19 5:32,AGRA CANTT,DELHI-SAFDAR,26/05/19 14:58,26/05/19 17:50,Express Train,,SL,Flexible
101,19/04/19 5:32,AGRA CANTT,DELHI-SAFDAR,26/05/19 15:45,26/05/19 18:15,Passenger Train,,SL,Flexible
102,19/04/19 5:32,AGRA CANTT,DELHI-SAFDAR,26/05/19 16:15,26/05/19 18:54,Passenger Train,,SL,Flexible
103,19/04/19 5:32,AGRA CANTT,DELHI-SAFDAR,26/05/19 16:45,26/05/19 19:17,Super Fast,76.3,1AC,Flexible
104,19/04/19 5:32,AGRA CANTT,DELHI-SAFDAR,26/05/19 17:45,26/05/19 20:17,Passenger Train,,1AC,Flexible
105,19/04/19 5:32,AGRA CANTT,DELHI-SAFDAR,26/05/19 18:45,26/05/19 21:17,Super Fast,76.3,1AC,Flexible
106,19/04/19 5:32,AGRA CANTT,DELHI-SAFDAR,26/05/19 19:15,26/05/19 21:36,Passenger Train,69.4,2AC,Promo
107,19/04/19 5:32,AGRA CANTT,DELHI-SAFDAR,26/05/19 19:19,26/05/19 21:59,INTERCITY,,1AC Plus,Promo
108,19/04/19 5:32,AGRA CANTT,DELHI-SAFDAR,26/05/19 19:45,26/05/19 22:17,Super Fast,72.3,1AC Plus,Promo
109,19/04/19 5:32,AGRA CANTT,DELHI-SAFDAR,26/05/19 20:15,26/05/19 22:36,Passenger Train,69.4,1AC,Promo
110,19/04/19 5:32,AGRA CANTT,DELHI-SAFDAR,26/05/19 20:36,26/05/19 23:14,Express Train,,1AC Plus,Flexible
111,19/04/19 5:32,AGRA CANTT,DELHI-SAFDAR,26/05/19 21:00,26/05/19 23:52,Super Fast,74.6,1AC Plus,Flexible
112,19/04/19 5:32,AGRA CANTT,DELHI-SAFDAR,25/05/19 7:00,25/05/19 10:02,Super Fast,49.15,2AC,Promo
113,19/04/19 5:32,AGRA CANTT,DELHI-SAFDAR,25/05/19 7:40,25/05/19 10:05,Passenger Train,60.3,1AC,Promo
114,19/04/19 5:32,AGRA CANTT,DELHI-SAFDAR,25/05/19 8:45,25/05/19 21:10,MD,52.5,2AC,Flexible
115,19/04/19 5:32,AGRA CANTT,DELHI-SAFDAR,25/05/19 8:45,25/05/19 11:15,Passenger Train,69.35,1AC,Promo
116,19/04/19 5:32,AGRA CANTT,DELHI-SAFDAR,25/05/19 9:40,25/05/19 12:23,Passenger Train,61.45,1AC,Promo
117,19/04/19 5:32,AGRA CANTT,DELHI-SAFDAR,25/05/19 9:50,25/05/19 12:36,Express Train,87.4,1AC,Flexible
118,19/04/19 5:32,AGRA CANTT,DELHI-SAFDAR,25/05/19 10:45,25/05/19 13:17,Passenger Train,60.3,1AC,Promo
119,19/04/19 5:32,AGRA CANTT,DELHI-SAFDAR,25/05/19 11:45,25/05/19 14:17,Passenger Train,60.3,1AC,Promo
120,19/04/19 5:32,AGRA CANTT,DELHI-SAFDAR,25/05/19 12:18,25/05/19 14:56,Express Train,,1AC,Promo
121,19/04/19 5:32,AGRA CANTT,DELHI-SAFDAR,25/05/19 13:40,25/05/19 16:10,Passenger Train,60.3,1AC,Promo
122,19/04/19 5:32,AGRA CANTT,DELHI-SAFDAR,25/05/19 14:58,25/05/19 17:50,Express Train,,1AC,Promo
123,19/04/19 5:32,AGRA CANTT,DELHI-SAFDAR,25/05/19 15:45,25/05/19 18:15,Passenger Train,60.3,1AC,Promo
124,19/04/19 5:32,AGRA CANTT,DELHI-SAFDAR,25/05/19 16:45,25/05/19 19:17,Passenger Train,60.3,1AC,Promo
125,19/04/19 5:32,AGRA CANTT,DELHI-SAFDAR,25/05/19 17:45,25/05/19 20:17,Passenger Train,60.3,1AC,Promo
126,19/04/19 5:32,AGRA CANTT,DELHI-SAFDAR,25/05/19 18:45,25/05/19 21:17,Super Fast,76.3,1AC,Flexible
127,19/04/19 5:32,AGRA CANTT,DELHI-SAFDAR,25/05/19 19:45,25/05/19 22:17,Passenger Train,60.3,1AC,Promo
128,19/04/19 5:32,AGRA CANTT,DELHI-SAFDAR,25/05/19 21:00,25/05/19 23:52,Super Fast,49.15,2AC,Promo
129,19/04/19 5:32,AGRA CANTT,DELHI-SAFDAR,24/05/19 6:10,24/05/19 8:58,Super Fast,49.15,2AC,Promo
130,19/04/19 5:32,AGRA CANTT,DELHI-SAFDAR,24/05/19 6:45,24/05/19 9:15,Passenger Train,60.3,1AC,Promo
131,19/04/19 5:32,AGRA CANTT,DELHI-SAFDAR,24/05/19 7:40,24/05/19 10:05,Passenger Train,53.4,2AC,Promo
132,19/04/19 5:32,AGRA CANTT,DELHI-SAFDAR,24/05/19 8:45,24/05/19 11:15,Passenger Train,69.4,1AC,Promo
133,19/04/19 5:32,AGRA CANTT,DELHI-SAFDAR,24/05/19 9:40,24/05/19 12:23,Passenger Train,60.3,1AC,Promo
134,19/04/19 5:32,AGRA CANTT,DELHI-SAFDAR,24/05/19 9:50,24/05/19 12:36,Express Train,,1AC,Promo
135,19/04/19 5:32,AGRA CANTT,DELHI-SAFDAR,24/05/19 10:45,24/05/19 13:17,Passenger Train,53.4,2AC,Promo
136,19/04/19 5:32,AGRA CANTT,DELHI-SAFDAR,24/05/19 11:45,24/05/19 14:17,Passenger Train,60.3,1AC,Promo
137,19/04/19 5:32,AGRA CANTT,DELHI-SAFDAR,24/05/19 12:18,24/05/19 14:56,Express Train,,1AC,Promo
138,19/04/19 5:32,AGRA CANTT,DELHI-SAFDAR,24/05/19 12:40,24/05/19 15:23,Passenger Train,53.4,2AC,Promo
139,19/04/19 5:32,AGRA CANTT,DELHI-SAFDAR,24/05/19 13:40,24/05/19 16:10,Passenger Train,47.3,2AC,Promo
140,19/04/19 5:32,AGRA CANTT,DELHI-SAFDAR,24/05/19 14:45,24/05/19 17:15,Passenger Train,53.4,2AC,Promo
141,19/04/19 5:32,AGRA CANTT,DELHI-SAFDAR,24/05/19 14:58,24/05/19 17:50,Express Train,67.2,1AC,Flexible
142,19/04/19 5:32,AGRA CANTT,DELHI-SAFDAR,24/05/19 15:45,24/05/19 18:15,Passenger Train,53.4,2AC,Promo
143,19/04/19 5:32,AGRA CANTT,DELHI-SAFDAR,24/05/19 16:15,24/05/19 18:54,Passenger Train,60.3,1AC,Promo
144,19/04/19 5:32,AGRA CANTT,DELHI-SAFDAR,24/05/19 16:45,24/05/19 19:17,Passenger Train,60.3,1AC,Promo
145,19/04/19 5:32,AGRA CANTT,DELHI-SAFDAR,24/05/19 17:45,24/05/19 20:17,Passenger Train,69.4,1AC,Promo
146,19/04/19 5:32,AGRA CANTT,DELHI-SAFDAR,24/05/19 18:45,24/05/19 21:17,Passenger Train,47.3,2AC,Promo
147,19/04/19 5:32,AGRA CANTT,DELHI-SAFDAR,24/05/19 19:15,24/05/19 21:36,Passenger Train,53.4,2AC,Promo
148,19/04/19 5:32,AGRA CANTT,DELHI-SAFDAR,24/05/19 19:19,24/05/19 21:59,INTERCITY,62.2,1AC,Flexible
149,19/04/19 5:32,AGRA CANTT,DELHI-SAFDAR,24/05/19 19:45,24/05/19 22:17,Passenger Train,60.3,1AC,Promo
150,19/04/19 5:32,AGRA CANTT,DELHI-SAFDAR,24/05/19 20:15,24/05/19 22:36,Passenger Train,53.4,2AC,Promo
151,19/04/19 5:32,AGRA CANTT,DELHI-SAFDAR,24/05/19 20:36,24/05/19 23:14,Express Train,67.2,1AC,Flexible
152,19/04/19 5:32,AGRA CANTT,DELHI-SAFDAR,24/05/19 21:00,24/05/19 23:52,Super Fast,49.15,2AC,Promo
153,19/04/19 5:32,AGRA CANTT,DELHI-SAFDAR,23/05/19 6:10,23/05/19 8:58,Super Fast,43.55,2AC,Promo
154,19/04/19 5:32,AGRA CANTT,DELHI-SAFDAR,23/05/19 6:45,23/05/19 9:15,Passenger Train,76.3,1AC,Flexible
155,19/04/19 5:32,AGRA CANTT,DELHI-SAFDAR,23/05/19 7:15,23/05/19 9:55,Passenger Train,47.3,2AC,Promo
156,19/04/19 5:32,AGRA CANTT,DELHI-SAFDAR,23/05/19 7:40,23/05/19 10:05,Passenger Train,60.3,1AC,Promo
157,19/04/19 5:32,SAWANTWADI R,MADGOAN JN.,23/05/19 8:45,23/05/19 11:15,Passenger Train,69.4,1AC,Promo
158,19/04/19 5:32,SAWANTWADI R,MADGOAN JN.,23/05/19 9:40,23/05/19 12:23,Passenger Train,47.3,2AC,Promo
159,19/04/19 5:32,SAWANTWADI R,MADGOAN JN.,23/05/19 9:50,23/05/19 12:36,Express Train,,1AC,Promo
160,19/04/19 5:32,SAWANTWADI R,MADGOAN JN.,23/05/19 10:45,23/05/19 13:17,Passenger Train,47.3,2AC,Promo
161,19/04/19 5:32,SAWANTWADI R,MADGOAN JN.,23/05/19 11:45,23/05/19 14:17,Passenger Train,47.3,2AC,Promo
162,19/04/19 5:32,SAWANTWADI R,MADGOAN JN.,23/05/19 12:18,23/05/19 14:56,Express Train,,1AC,Promo
163,19/04/19 5:32,SAWANTWADI R,MADGOAN JN.,23/05/19 12:40,23/05/19 15:23,Passenger Train,47.3,2AC,Promo
164,19/04/19 5:32,SAWANTWADI R,MADGOAN JN.,23/05/19 13:40,23/05/19 16:10,Passenger Train,47.3,2AC,Promo
165,19/04/19 5:32,SAWANTWADI R,MADGOAN JN.,23/05/19 14:45,23/05/19 17:15,Passenger Train,53.4,2AC,Promo
166,19/04/19 5:32,SAWANTWADI R,MADGOAN JN.,23/05/19 14:58,23/05/19 17:50,Express Train,47.05,2AC,Promo
167,19/04/19 5:32,SAWANTWADI R,MADGOAN JN.,23/05/19 15:45,23/05/19 18:15,Passenger Train,69.4,1AC,Promo
168,19/04/19 5:32,SAWANTWADI R,MADGOAN JN.,23/05/19 16:15,23/05/19 18:54,Passenger Train,69.4,1AC,Promo
169,19/04/19 5:32,SAWANTWADI R,MADGOAN JN.,23/05/19 16:45,23/05/19 19:17,Super Fast,76.3,1AC,Flexible
170,19/04/19 5:32,SAWANTWADI R,MADGOAN JN.,23/05/19 17:45,23/05/19 20:17,Super Fast,76.3,1AC,Flexible
171,19/04/19 5:32,SAWANTWADI R,MADGOAN JN.,23/05/19 18:45,23/05/19 21:17,Passenger Train,69.4,1AC,Promo
172,19/04/19 5:32,SAWANTWADI R,MADGOAN JN.,23/05/19 19:15,23/05/19 21:36,Passenger Train,47.3,2AC,Promo
173,19/04/19 5:32,SAWANTWADI R,MADGOAN JN.,23/05/19 19:19,23/05/19 21:59,INTERCITY,62.2,1AC,Flexible
174,19/04/19 5:32,SAWANTWADI R,MADGOAN JN.,23/05/19 19:45,23/05/19 22:17,Passenger Train,47.3,2AC,Promo
175,19/04/19 5:32,SAWANTWADI R,MADGOAN JN.,23/05/19 20:15,23/05/19 22:36,Passenger Train,47.3,2AC,Promo
176,19/04/19 5:32,SAWANTWADI R,MADGOAN JN.,23/05/19 20:36,23/05/19 23:14,Express Train,67.2,1AC,Flexible
177,19/04/19 5:32,SAWANTWADI R,MADGOAN JN.,23/05/19 21:00,23/05/19 23:52,Super Fast,38.55,2AC,Promo
178,19/04/19 5:32,SAWANTWADI R,MADGOAN JN.,22/05/19 6:10,22/05/19 8:58,Super Fast,43.55,2AC,Promo
179,19/04/19 5:32,SAWANTWADI R,MADGOAN JN.,22/05/19 6:45,22/05/19 9:15,Passenger Train,60.3,1AC,Promo
180,19/04/19 5:32,SAWANTWADI R,MADGOAN JN.,22/05/19 7:15,22/05/19 9:55,Passenger Train,60.3,1AC,Promo
181,19/04/19 5:32,SAWANTWADI R,MADGOAN JN.,22/05/19 7:40,22/05/19 10:05,Passenger Train,60.3,1AC,Promo
182,19/04/19 5:32,SAWANTWADI R,MADGOAN JN.,22/05/19 8:45,22/05/19 11:15,Super Fast,76.3,1AC,Flexible
183,19/04/19 5:32,SAWANTWADI R,MADGOAN JN.,22/05/19 9:40,22/05/19 12:23,Passenger Train,47.3,2AC,Promo
184,19/04/19 5:32,SAWANTWADI R,MADGOAN JN.,22/05/19 9:50,22/05/19 12:36,Express Train,,1AC,Promo
185,19/04/19 5:32,SAWANTWADI R,MADGOAN JN.,22/05/19 10:45,22/05/19 13:17,Passenger Train,47.3,2AC,Promo
186,19/04/19 5:32,SAWANTWADI R,MADGOAN JN.,22/05/19 11:45,22/05/19 14:17,Passenger Train,47.3,2AC,Promo
187,19/04/19 5:32,SAWANTWADI R,MADGOAN JN.,22/05/19 12:18,22/05/19 14:56,Express Train,,1AC,Promo
188,19/04/19 5:32,SAWANTWADI R,MADGOAN JN.,22/05/19 12:40,22/05/19 15:23,Passenger Train,47.3,2AC,Promo
189,19/04/19 5:32,SAWANTWADI R,MADGOAN JN.,22/05/19 13:40,22/05/19 16:10,Passenger Train,47.3,2AC,Promo
190,19/04/19 5:32,SAWANTWADI R,MADGOAN JN.,22/05/19 14:45,22/05/19 17:15,Passenger Train,47.3,2AC,Promo
191,19/04/19 5:32,SAWANTWADI R,MADGOAN JN.,22/05/19 14:58,22/05/19 17:50,Express Train,40.3,2AC,Promo
192,19/04/19 5:32,SAWANTWADI R,MADGOAN JN.,22/05/19 15:45,22/05/19 18:15,Passenger Train,47.3,2AC,Promo
193,19/04/19 5:32,SAWANTWADI R,MADGOAN JN.,22/05/19 16:15,22/05/19 18:54,Passenger Train,47.3,2AC,Promo
194,19/04/19 5:32,SAWANTWADI R,MADGOAN JN.,22/05/19 16:45,22/05/19 19:17,Passenger Train,60.3,1AC,Promo
195,19/04/19 5:32,SAWANTWADI R,MADGOAN JN.,22/05/19 17:45,22/05/19 20:17,Passenger Train,60.3,1AC,Promo
196,19/04/19 5:32,SAWANTWADI R,MADGOAN JN.,22/05/19 18:45,22/05/19 21:17,Passenger Train,47.3,2AC,Promo
197,19/04/19 5:32,SAWANTWADI R,MADGOAN JN.,22/05/19 19:15,22/05/19 21:36,Passenger Train,47.3,2AC,Promo
198,19/04/19 5:32,SAWANTWADI R,MADGOAN JN.,22/05/19 19:19,22/05/19 21:59,INTERCITY,62.2,1AC,Flexible
199,19/04/19 5:32,SAWANTWADI R,MADGOAN JN.,22/05/19 19:45,22/05/19 22:17,Passenger Train,47.3,2AC,Promo
200,19/04/19 5:32,SAWANTWADI R,MADGOAN JN.,22/05/19 20:36,22/05/19 23:14,Express Train,67.2,1AC,Flexible
201,19/04/19 5:32,SAWANTWADI R,MADGOAN JN.,22/05/19 21:00,22/05/19 23:52,Super Fast,38.55,2AC,Promo
202,19/04/19 5:32,SAWANTWADI R,MADGOAN JN.,21/05/19 6:10,21/05/19 8:58,Super Fast,49.15,2AC,Promo
203,19/04/19 5:32,SAWANTWADI R,MADGOAN JN.,21/05/19 6:45,21/05/19 9:15,Passenger Train,60.3,1AC,Promo
204,19/04/19 5:32,SAWANTWADI R,MADGOAN JN.,21/05/19 7:15,21/05/19 9:55,Passenger Train,53.4,2AC,Promo
205,19/04/19 5:32,SAWANTWADI R,MADGOAN JN.,21/05/19 7:40,21/05/19 10:05,Passenger Train,60.3,1AC,Promo
206,19/04/19 5:32,SAWANTWADI R,MADGOAN JN.,21/05/19 8:45,21/05/19 11:15,Passenger Train,60.3,1AC,Promo
207,19/04/19 5:32,SAWANTWADI R,MADGOAN JN.,21/05/19 9:40,21/05/19 12:23,Passenger Train,53.4,2AC,Promo
208,19/04/19 5:32,SAWANTWADI R,MADGOAN JN.,21/05/19 9:50,21/05/19 12:36,Express Train,52.45,2AC,Promo
209,19/04/19 5:32,SAWANTWADI R,MADGOAN JN.,21/05/19 10:45,21/05/19 13:17,Passenger Train,53.4,2AC,Promo
210,19/04/19 5:32,SAWANTWADI R,MADGOAN JN.,21/05/19 11:45,21/05/19 14:17,Passenger Train,47.3,2AC,Promo
211,19/04/19 5:32,SAWANTWADI R,MADGOAN JN.,21/05/19 12:18,21/05/19 14:56,Express Train,,1AC,Promo
212,19/04/19 5:32,SAWANTWADI R,MADGOAN JN.,21/05/19 12:40,21/05/19 15:23,Passenger Train,47.3,2AC,Promo
213,19/04/19 5:32,SAWANTWADI R,MADGOAN JN.,21/05/19 13:40,21/05/19 16:10,Passenger Train,47.3,2AC,Promo
214,19/04/19 5:32,SAWANTWADI R,MADGOAN JN.,21/05/19 14:45,21/05/19 17:15,Passenger Train,47.3,2AC,Promo
215,19/04/19 5:32,SAWANTWADI R,MADGOAN JN.,21/05/19 14:58,21/05/19 17:50,Express Train,47.05,2AC,Promo
216,19/04/19 5:32,SAWANTWADI R,MADGOAN JN.,21/05/19 15:45,21/05/19 18:15,Passenger Train,47.3,2AC,Promo
217,19/04/19 5:32,SAWANTWADI R,MADGOAN JN.,21/05/19 16:15,21/05/19 18:54,Passenger Train,47.3,2AC,Promo
218,19/04/19 5:32,SAWANTWADI R,MADGOAN JN.,21/05/19 16:45,21/05/19 19:17,Passenger Train,60.3,2AC,Promo
219,19/04/19 5:32,SAWANTWADI R,MADGOAN JN.,21/05/19 17:45,21/05/19 20:17,Passenger Train,60.3,2AC,Promo
220,19/04/19 5:32,SAWANTWADI R,MADGOAN JN.,21/05/19 18:45,21/05/19 21:17,Passenger Train,47.3,2AC,Promo
221,19/04/19 5:32,SAWANTWADI R,MADGOAN JN.,21/05/19 19:19,21/05/19 21:59,INTERCITY,62.2,1AC,Flexible
222,19/04/19 5:32,SAWANTWADI R,MADGOAN JN.,21/05/19 19:45,21/05/19 22:17,Passenger Train,47.3,2AC,Promo
223,19/04/19 5:32,SAWANTWADI R,MADGOAN JN.,21/05/19 20:36,21/05/19 23:14,Express Train,67.2,1AC,Flexible
224,19/04/19 5:32,SAWANTWADI R,MADGOAN JN.,21/05/19 21:00,21/05/19 23:52,Super Fast,38.55,2AC,Promo
225,19/04/19 5:33,SAWANTWADI R,MADGOAN JN.,20/05/19 6:10,20/05/19 8:58,Super Fast,49.15,2AC,Promo
226,19/04/19 5:33,SAWANTWADI R,MADGOAN JN.,20/05/19 6:45,20/05/19 9:15,Super Fast,76.3,1AC,Flexible
227,19/04/19 5:33,SAWANTWADI R,MADGOAN JN.,20/05/19 7:15,20/05/19 9:55,Passenger Train,69.4,1AC,Promo
228,19/04/19 5:33,SAWANTWADI R,MADGOAN JN.,20/05/19 7:40,20/05/19 10:05,Passenger Train,69.4,1AC,Promo
229,19/04/19 5:33,SAWANTWADI R,MADGOAN JN.,20/05/19 8:45,20/05/19 11:15,Super Fast,76.3,1AC,Flexible
230,19/04/19 5:33,SAWANTWADI R,MADGOAN JN.,20/05/19 9:40,20/05/19 12:23,Passenger Train,69.4,1AC,Promo
231,19/04/19 5:33,SAWANTWADI R,MADGOAN JN.,20/05/19 9:50,20/05/19 12:36,Express Train,,1AC,Promo
232,19/04/19 5:33,SAWANTWADI R,MADGOAN JN.,20/05/19 10:45,20/05/19 13:17,Passenger Train,60.3,1AC,Promo
233,19/04/19 5:33,SAWANTWADI R,MADGOAN JN.,20/05/19 11:45,20/05/19 14:17,Passenger Train,53.4,2AC,Promo
234,19/04/19 5:33,SAWANTWADI R,MADGOAN JN.,20/05/19 12:18,20/05/19 14:56,Express Train,,1AC,Promo
235,19/04/19 5:33,SAWANTWADI R,MADGOAN JN.,20/05/19 12:40,20/05/19 15:23,Passenger Train,47.3,2AC,Promo
236,19/04/19 5:33,SAWANTWADI R,MADGOAN JN.,20/05/19 13:40,20/05/19 16:10,Passenger Train,47.3,2AC,Promo
237,19/04/19 5:33,SAWANTWADI R,MADGOAN JN.,20/05/19 14:45,20/05/19 17:15,Passenger Train,47.3,2AC,Promo
238,19/04/19 5:33,SAWANTWADI R,MADGOAN JN.,20/05/19 14:58,20/05/19 17:50,Express Train,67.2,1AC,Flexible
239,19/04/19 5:33,SAWANTWADI R,MADGOAN JN.,20/05/19 15:45,20/05/19 18:15,Passenger Train,53.4,2AC,Promo
240,19/04/19 5:33,SAWANTWADI R,MADGOAN JN.,20/05/19 16:15,20/05/19 18:54,Passenger Train,47.3,2AC,Promo
241,19/04/19 5:33,SAWANTWADI R,MADGOAN JN.,20/05/19 16:45,20/05/19 19:17,Passenger Train,60.3,1AC,Promo
242,19/04/19 5:33,SAWANTWADI R,MADGOAN JN.,20/05/19 17:45,20/05/19 20:17,Passenger Train,53.4,2AC,Promo
243,19/04/19 5:33,SAWANTWADI R,MADGOAN JN.,20/05/19 18:45,20/05/19 21:17,Passenger Train,48.85,2AC,Promo
244,19/04/19 5:33,SAWANTWADI R,MADGOAN JN.,20/05/19 19:19,20/05/19 21:59,INTERCITY,62.2,1AC,Flexible
245,19/04/19 5:33,SAWANTWADI R,MADGOAN JN.,20/05/19 19:45,20/05/19 22:17,Passenger Train,47.3,1AC,Promo
246,19/04/19 5:33,SAWANTWADI R,MADGOAN JN.,20/05/19 20:36,20/05/19 23:14,Express Train,67.2,1AC,Flexible
247,19/04/19 5:33,SAWANTWADI R,MADGOAN JN.,20/05/19 21:00,20/05/19 23:52,Super Fast,49.15,1AC,Promo
248,19/04/19 5:33,SAWANTWADI R,MADGOAN JN.,19/05/19 7:00,19/05/19 10:02,Super Fast,49.15,1AC,Promo
249,19/04/19 5:33,SAWANTWADI R,MADGOAN JN.,19/05/19 8:45,19/05/19 21:10,MD,52.5,SL,Flexible
250,19/04/19 5:33,SAWANTWADI R,MADGOAN JN.,19/05/19 8:45,19/05/19 11:15,Passenger Train,69.4,2AC,Promo
251,19/04/19 5:33,SAWANTWADI R,MADGOAN JN.,19/05/19 9:50,19/05/19 12:36,Express Train,,1AC,Promo
252,19/04/19 5:33,SAWANTWADI R,MADGOAN JN.,19/05/19 10:45,19/05/19 13:17,Passenger Train,60.3,1AC,Promo
253,19/04/19 5:33,SAWANTWADI R,MADGOAN JN.,19/05/19 11:45,19/05/19 14:17,Passenger Train,69.4,2AC,Promo
254,19/04/19 5:33,SAWANTWADI R,MADGOAN JN.,19/05/19 12:18,19/05/19 14:56,Express Train,,2AC,Promo
255,19/04/19 5:33,SAWANTWADI R,MADGOAN JN.,19/05/19 12:40,19/05/19 15:23,Passenger Train,69.4,2AC,Promo
256,19/04/19 5:33,SAWANTWADI R,MADGOAN JN.,19/05/19 13:40,19/05/19 16:10,Passenger Train,76.3,1AC,Flexible
257,19/04/19 5:33,SAWANTWADI R,MADGOAN JN.,19/05/19 14:45,19/05/19 17:15,Passenger Train,89.95,2AC,Promo
258,19/04/19 5:33,SAWANTWADI R,MADGOAN JN.,19/05/19 14:58,19/05/19 17:50,Express Train,,1AC,Flexible
259,19/04/19 5:33,SAWANTWADI R,MADGOAN JN.,19/05/19 15:45,19/05/19 18:15,Passenger Train,76.3,1AC,Flexible
260,19/04/19 5:33,SAWANTWADI R,MADGOAN JN.,19/05/19 16:15,19/05/19 18:54,Passenger Train,76.3,1AC,Flexible
261,19/04/19 5:33,SAWANTWADI R,MADGOAN JN.,19/05/19 16:45,19/05/19 19:17,Passenger Train,76.3,1AC,Flexible
262,19/04/19 5:33,SAWANTWADI R,MADGOAN JN.,19/05/19 17:45,19/05/19 20:17,Passenger Train,89.95,2AC,Promo
263,19/04/19 5:33,SAWANTWADI R,MADGOAN JN.,19/05/19 18:45,19/05/19 21:17,Passenger Train,76.3,1AC,Flexible
264,19/04/19 5:33,SAWANTWADI R,MADGOAN JN.,19/05/19 19:15,19/05/19 21:36,Passenger Train,101.5,2AC,Promo
265,19/04/19 5:33,SAWANTWADI R,MADGOAN JN.,19/05/19 19:19,19/05/19 21:59,INTERCITY,,2AC,Promo
266,19/04/19 5:33,SAWANTWADI R,MADGOAN JN.,19/05/19 19:45,19/05/19 22:17,Passenger Train,101.5,2AC,Promo
267,19/04/19 5:33,SAWANTWADI R,MADGOAN JN.,19/05/19 20:15,19/05/19 22:36,Passenger Train,89.95,2AC,Promo
268,19/04/19 5:33,SAWANTWADI R,MADGOAN JN.,19/05/19 20:36,19/05/19 23:14,Express Train,,SL,Promo
269,19/04/19 5:33,SAWANTWADI R,MADGOAN JN.,19/05/19 21:00,19/05/19 23:52,Super Fast,,SL,Promo
270,19/04/19 5:33,SAWANTWADI R,MADGOAN JN.,22/04/19 6:10,22/04/19 8:58,Super Fast,62.2,1AC,Flexible
271,19/04/19 5:33,SAWANTWADI R,MADGOAN JN.,22/04/19 6:45,22/04/19 9:15,Passenger Train,76.3,1AC,Flexible
272,19/04/19 5:33,SAWANTWADI R,MADGOAN JN.,22/04/19 7:15,22/04/19 9:55,Passenger Train,76.3,1AC,Flexible
273,19/04/19 5:33,SAWANTWADI R,MADGOAN JN.,22/04/19 7:40,22/04/19 10:05,Passenger Train,,1AC,Flexible
274,19/04/19 5:33,SAWANTWADI R,MADGOAN JN.,22/04/19 8:35,22/04/19 15:26,LD-MD,,1AC,Flexible
275,19/04/19 5:33,SAWANTWADI R,MADGOAN JN.,22/04/19 8:45,22/04/19 11:15,Passenger Train,76.3,1AC,Flexible
276,19/04/19 5:33,SAWANTWADI R,MADGOAN JN.,22/04/19 9:40,22/04/19 12:23,Passenger Train,76.3,1AC,Flexible
277,19/04/19 5:33,SAWANTWADI R,MADGOAN JN.,22/04/19 9:50,22/04/19 12:36,Express Train,,1AC,Flexible
278,19/04/19 5:33,SAWANTWADI R,MADGOAN JN.,22/04/19 10:45,22/04/19 13:17,Passenger Train,76.3,1AC,Flexible
279,19/04/19 5:33,SAWANTWADI R,MADGOAN JN.,22/04/19 11:45,22/04/19 14:17,Passenger Train,76.3,1AC,Flexible
280,19/04/19 5:33,SAWANTWADI R,MADGOAN JN.,22/04/19 12:18,22/04/19 14:56,Express Train,61.2,2AC,Promo
281,19/04/19 5:33,SAWANTWADI R,MADGOAN JN.,22/04/19 12:40,22/04/19 15:23,Passenger Train,,1AC,Flexible
282,19/04/19 5:33,SAWANTWADI R,MADGOAN JN.,22/04/19 13:40,22/04/19 16:10,Passenger Train,76.3,1AC,Flexible
283,19/04/19 5:33,SAWANTWADI R,MADGOAN JN.,22/04/19 14:45,22/04/19 17:15,Passenger Train,76.3,1AC,Flexible
284,19/04/19 5:33,SAWANTWADI R,MADGOAN JN.,22/04/19 14:58,22/04/19 17:50,Express Train,,1AC,Flexible
285,19/04/19 5:33,SAWANTWADI R,MADGOAN JN.,22/04/19 15:45,22/04/19 18:15,Passenger Train,76.3,1AC,Flexible
286,19/04/19 5:33,SAWANTWADI R,MADGOAN JN.,22/04/19 16:15,22/04/19 18:54,Passenger Train,76.3,1AC,Flexible
287,19/04/19 5:33,SAWANTWADI R,MADGOAN JN.,22/04/19 16:45,22/04/19 19:17,Passenger Train,76.3,1AC,Flexible
288,19/04/19 5:33,SAWANTWADI R,MADGOAN JN.,22/04/19 17:45,22/04/19 20:17,Passenger Train,76.3,1AC,Flexible
289,19/04/19 5:33,SAWANTWADI R,MADGOAN JN.,22/04/19 18:45,22/04/19 21:17,Passenger Train,76.3,1AC,Flexible
290,19/04/19 5:33,SAWANTWADI R,MADGOAN JN.,22/04/19 19:19,22/04/19 21:59,INTERCITY,62.2,1AC,Flexible
291,19/04/19 5:33,SAWANTWADI R,MADGOAN JN.,22/04/19 19:45,22/04/19 22:17,Passenger Train,76.3,1AC,Flexible
292,19/04/19 5:33,SAWANTWADI R,MADGOAN JN.,22/04/19 20:36,22/04/19 23:14,Express Train,,,Promo
293,19/04/19 5:33,SAWANTWADI R,MADGOAN JN.,22/04/19 21:00,22/04/19 23:52,Super Fast,,,Promo
294,19/04/19 5:33,SAWANTWADI R,MADGOAN JN.,18/05/19 7:00,18/05/19 10:02,Super Fast,49.15,SL,Promo
295,19/04/19 5:33,SAWANTWADI R,MADGOAN JN.,18/05/19 7:40,18/05/19 10:05,Passenger Train,61.45,2AC,Promo
296,19/04/19 5:33,SAWANTWADI R,MADGOAN JN.,18/05/19 8:45,18/05/19 21:10,MD,52.5,SL,Flexible
297,19/04/19 5:33,SAWANTWADI R,MADGOAN JN.,18/05/19 8:45,18/05/19 11:15,Passenger Train,61.45,2AC,Promo
298,19/04/19 5:33,SAWANTWADI R,MADGOAN JN.,18/05/19 9:40,18/05/19 12:23,Passenger Train,61.45,2AC,Promo
299,19/04/19 5:33,SAWANTWADI R,MADGOAN JN.,18/05/19 9:50,18/05/19 12:36,Express Train,,1AC,Promo
300,19/04/19 5:33,SAWANTWADI R,MADGOAN JN.,18/05/19 10:45,18/05/19 13:17,Passenger Train,60.3,1AC,Promo
301,19/04/19 5:33,SAWANTWADI R,MADGOAN JN.,18/05/19 11:45,18/05/19 14:17,Passenger Train,60.3,1AC,Promo
302,19/04/19 5:33,SAWANTWADI R,MADGOAN JN.,18/05/19 12:18,18/05/19 14:56,Express Train,,1AC,Promo
303,19/04/19 5:33,SAWANTWADI R,MADGOAN JN.,18/05/19 13:40,18/05/19 16:10,Passenger Train,53.4,1AC,Promo
304,19/04/19 5:33,GANDHINAGAR,MANDOR,18/05/19 14:58,18/05/19 17:50,Express Train,,1AC,Promo
305,19/04/19 5:33,GANDHINAGAR,MANDOR,18/05/19 15:45,18/05/19 18:15,Passenger Train,60.3,1AC,Promo
306,19/04/19 5:33,GANDHINAGAR,MANDOR,18/05/19 16:45,18/05/19 19:17,Passenger Train,53.4,1AC,Promo
307,19/04/19 5:33,GANDHINAGAR,MANDOR,18/05/19 17:45,18/05/19 20:17,Passenger Train,61.45,2AC,Promo
308,19/04/19 5:33,GANDHINAGAR,MANDOR,18/05/19 18:45,18/05/19 21:17,Passenger Train,61.45,2AC,Promo
309,19/04/19 5:33,GANDHINAGAR,MANDOR,18/05/19 19:45,18/05/19 22:17,Passenger Train,47.3,1AC,Promo
310,19/04/19 5:33,GANDHINAGAR,MANDOR,18/05/19 21:00,18/05/19 23:52,Super Fast,43.55,1AC,Promo
311,19/04/19 5:33,GANDHINAGAR,MANDOR,17/05/19 6:10,17/05/19 8:58,Super Fast,49.15,1AC,Promo
312,19/04/19 5:33,GANDHINAGAR,MANDOR,17/05/19 6:45,17/05/19 9:15,Passenger Train,53.4,1AC,Promo
313,19/04/19 5:33,GANDHINAGAR,MANDOR,17/05/19 7:40,17/05/19 10:05,Passenger Train,60.3,1AC,Promo
314,19/04/19 5:33,GANDHINAGAR,MANDOR,17/05/19 8:45,17/05/19 11:15,Passenger Train,69.4,2AC,Promo
315,19/04/19 5:33,GANDHINAGAR,MANDOR,17/05/19 9:40,17/05/19 12:23,Passenger Train,76.3,1AC,Flexible
316,19/04/19 5:33,GANDHINAGAR,MANDOR,17/05/19 9:50,17/05/19 12:36,Express Train,,1AC,Promo
317,19/04/19 5:33,GANDHINAGAR,MANDOR,17/05/19 10:45,17/05/19 13:17,Passenger Train,60.3,1AC,Promo
318,19/04/19 5:33,GANDHINAGAR,MANDOR,17/05/19 11:45,17/05/19 14:17,Passenger Train,60.3,1AC,Promo
319,19/04/19 5:33,GANDHINAGAR,MANDOR,17/05/19 12:18,17/05/19 14:56,Express Train,,1AC,Promo
320,19/04/19 5:33,GANDHINAGAR,MANDOR,17/05/19 12:40,17/05/19 15:23,Passenger Train,53.4,2AC,Promo
321,19/04/19 5:33,GANDHINAGAR,MANDOR,17/05/19 13:40,17/05/19 16:10,Passenger Train,60.3,1AC,Promo
322,19/04/19 5:33,GANDHINAGAR,MANDOR,17/05/19 14:45,17/05/19 17:15,Passenger Train,76.3,1AC,Flexible
323,19/04/19 5:33,GANDHINAGAR,MANDOR,17/05/19 14:58,17/05/19 17:50,Express Train,,1AC,Flexible
324,19/04/19 5:33,GANDHINAGAR,MANDOR,17/05/19 15:45,17/05/19 18:15,Passenger Train,76.3,1AC,Flexible
325,19/04/19 5:33,GANDHINAGAR,MANDOR,17/05/19 16:15,17/05/19 18:54,Passenger Train,76.3,1AC,Flexible
326,19/04/19 5:33,GANDHINAGAR,MANDOR,17/05/19 16:45,17/05/19 19:17,Passenger Train,76.3,1AC,Flexible
327,19/04/19 5:33,GANDHINAGAR,MANDOR,17/05/19 17:45,17/05/19 20:17,Passenger Train,76.3,1AC,Flexible
328,19/04/19 5:33,GANDHINAGAR,MANDOR,17/05/19 18:45,17/05/19 21:17,Passenger Train,69.4,2AC,Promo
329,19/04/19 5:33,GANDHINAGAR,MANDOR,17/05/19 19:15,17/05/19 21:36,Passenger Train,53.4,1AC,Promo
330,19/04/19 5:33,GANDHINAGAR,MANDOR,17/05/19 19:19,17/05/19 21:59,INTERCITY,62.2,1AC,Flexible
331,19/04/19 5:33,GANDHINAGAR,MANDOR,17/05/19 19:45,17/05/19 22:17,Passenger Train,53.4,1AC,Promo
332,19/04/19 5:33,GANDHINAGAR,MANDOR,17/05/19 20:15,17/05/19 22:36,Passenger Train,49.4,SL,Promo
333,19/04/19 5:33,GANDHINAGAR,MANDOR,17/05/19 20:36,17/05/19 23:14,Express Train,67.2,1AC,Flexible
334,19/04/19 5:33,GANDHINAGAR,MANDOR,17/05/19 21:00,17/05/19 23:52,Super Fast,43.55,2AC,Promo
335,19/04/19 5:33,GANDHINAGAR,MANDOR,16/05/19 6:10,16/05/19 8:58,Super Fast,49.15,2AC,Promo
336,19/04/19 5:33,GANDHINAGAR,MANDOR,16/05/19 6:45,16/05/19 9:15,Passenger Train,53.4,1AC,Promo
337,19/04/19 5:33,GANDHINAGAR,MANDOR,16/05/19 7:15,16/05/19 9:55,Passenger Train,53.4,1AC,Promo
338,19/04/19 5:33,GANDHINAGAR,MANDOR,16/05/19 7:40,16/05/19 10:05,Passenger Train,76.3,1AC,Flexible
339,19/04/19 5:33,GANDHINAGAR,MANDOR,16/05/19 8:45,16/05/19 11:15,Passenger Train,69.4,2AC,Promo
340,19/04/19 5:33,GANDHINAGAR,MANDOR,16/05/19 9:40,16/05/19 12:23,Passenger Train,69.4,2AC,Promo
341,19/04/19 5:33,GANDHINAGAR,MANDOR,16/05/19 9:50,16/05/19 12:36,Express Train,,1AC,Promo
342,19/04/19 5:33,GANDHINAGAR,MANDOR,16/05/19 10:45,16/05/19 13:17,Passenger Train,60.3,1AC,Promo
343,19/04/19 5:33,GANDHINAGAR,MANDOR,16/05/19 11:45,16/05/19 14:17,Passenger Train,53.4,1AC,Promo
344,19/04/19 5:33,GANDHINAGAR,MANDOR,16/05/19 12:18,16/05/19 14:56,Express Train,,1AC,Promo
345,19/04/19 5:33,GANDHINAGAR,MANDOR,16/05/19 12:40,16/05/19 15:23,Passenger Train,47.3,2AC,Promo
346,19/04/19 5:33,GANDHINAGAR,MANDOR,16/05/19 13:40,16/05/19 16:10,Passenger Train,53.4,1AC,Promo
347,19/04/19 5:33,GANDHINAGAR,MANDOR,16/05/19 14:45,16/05/19 17:15,Passenger Train,60.3,1AC,Promo
348,19/04/19 5:33,GANDHINAGAR,MANDOR,16/05/19 14:58,16/05/19 17:50,Express Train,61.2,2AC,Promo
349,19/04/19 5:33,GANDHINAGAR,MANDOR,16/05/19 15:45,16/05/19 18:15,Passenger Train,60.3,1AC,Promo
350,19/04/19 5:33,GANDHINAGAR,MANDOR,16/05/19 16:15,16/05/19 18:54,Passenger Train,60.3,1AC,Promo
351,19/04/19 5:33,GANDHINAGAR,MANDOR,16/05/19 16:45,16/05/19 19:17,Passenger Train,76.3,1AC,Flexible
352,19/04/19 5:33,GANDHINAGAR,MANDOR,16/05/19 17:45,16/05/19 20:17,Passenger Train,76.3,1AC,Flexible
353,19/04/19 5:33,GANDHINAGAR,MANDOR,16/05/19 18:45,16/05/19 21:17,Passenger Train,60.3,1AC,Promo
354,19/04/19 5:33,GANDHINAGAR,MANDOR,16/05/19 19:15,16/05/19 21:36,Passenger Train,47.3,1AC,Promo
355,19/04/19 5:33,GANDHINAGAR,MANDOR,16/05/19 19:19,16/05/19 21:59,INTERCITY,62.2,1AC,Flexible
356,19/04/19 5:33,GANDHINAGAR,MANDOR,16/05/19 19:45,16/05/19 22:17,Passenger Train,47.3,1AC,Promo
357,19/04/19 5:33,GANDHINAGAR,MANDOR,16/05/19 20:15,16/05/19 22:36,Passenger Train,47.3,1AC,Promo
358,19/04/19 5:33,GANDHINAGAR,MANDOR,16/05/19 20:36,16/05/19 23:14,Express Train,67.2,1AC,Flexible
359,19/04/19 5:33,GANDHINAGAR,MANDOR,16/05/19 21:00,16/05/19 23:52,Super Fast,49.15,1AC,Promo
360,19/04/19 5:33,GANDHINAGAR,MANDOR,15/05/19 7:00,15/05/19 10:02,Super Fast,49.15,1AC,Promo
361,19/04/19 5:33,GANDHINAGAR,MANDOR,15/05/19 7:40,15/05/19 10:05,Passenger Train,47.3,1AC,Promo
362,19/04/19 5:33,GANDHINAGAR,MANDOR,15/05/19 8:45,15/05/19 11:15,Passenger Train,60.3,1AC,Promo
363,19/04/19 5:33,GANDHINAGAR,MANDOR,15/05/19 9:40,15/05/19 12:23,Passenger Train,53.4,1AC,Promo
364,19/04/19 5:33,GANDHINAGAR,MANDOR,15/05/19 9:50,15/05/19 12:36,Express Train,52.45,2AC,Promo
365,19/04/19 5:33,GANDHINAGAR,MANDOR,15/05/19 10:45,15/05/19 13:17,Passenger Train,53.4,1AC,Promo
366,19/04/19 5:33,GANDHINAGAR,MANDOR,15/05/19 11:45,15/05/19 14:17,Passenger Train,53.4,1AC,Promo
367,19/04/19 5:33,GANDHINAGAR,MANDOR,15/05/19 12:18,15/05/19 14:56,Express Train,,1AC,Promo
368,19/04/19 5:33,GANDHINAGAR,MANDOR,15/05/19 12:40,15/05/19 15:23,Passenger Train,47.3,1AC,Promo
369,19/04/19 5:33,GANDHINAGAR,MANDOR,15/05/19 13:40,15/05/19 16:10,Passenger Train,47.3,1AC,Promo
370,19/04/19 5:33,GANDHINAGAR,MANDOR,15/05/19 14:45,15/05/19 17:15,Passenger Train,76.3,1AC,Flexible
371,19/04/19 5:33,GANDHINAGAR,MANDOR,15/05/19 14:58,15/05/19 17:50,Express Train,,1AC,Flexible
372,19/04/19 5:33,GANDHINAGAR,MANDOR,15/05/19 15:45,15/05/19 18:15,Passenger Train,76.3,1AC,Flexible
373,19/04/19 5:33,GANDHINAGAR,MANDOR,15/05/19 16:45,15/05/19 19:17,Passenger Train,76.3,1AC,Flexible
374,19/04/19 5:33,GANDHINAGAR,MANDOR,15/05/19 17:45,15/05/19 20:17,Passenger Train,76.3,1AC,Flexible
375,19/04/19 5:33,GANDHINAGAR,MANDOR,15/05/19 18:45,15/05/19 21:17,Passenger Train,76.3,1AC,Flexible
376,19/04/19 5:33,GANDHINAGAR,MANDOR,15/05/19 19:15,15/05/19 21:36,Passenger Train,76.3,1AC,Flexible
377,19/04/19 5:33,GANDHINAGAR,MANDOR,15/05/19 19:19,15/05/19 21:59,INTERCITY,62.2,1AC,Flexible
378,19/04/19 5:33,GANDHINAGAR,MANDOR,15/05/19 19:45,15/05/19 22:17,Passenger Train,76.3,1AC,Flexible
379,19/04/19 5:33,GANDHINAGAR,MANDOR,15/05/19 21:00,15/05/19 23:52,Super Fast,49.15,2AC,Promo
380,19/04/19 5:33,GANDHINAGAR,MANDOR,13/05/19 6:10,13/05/19 8:58,Super Fast,49.15,2AC,Promo
381,19/04/19 5:33,GANDHINAGAR,MANDOR,13/05/19 6:45,13/05/19 9:15,Passenger Train,76.3,1AC,Flexible
382,19/04/19 5:33,GANDHINAGAR,MANDOR,13/05/19 7:15,13/05/19 9:55,Passenger Train,76.3,1AC,Flexible
383,19/04/19 5:33,GANDHINAGAR,MANDOR,13/05/19 7:40,13/05/19 10:05,Passenger Train,76.3,1AC,Flexible
384,19/04/19 5:33,GANDHINAGAR,MANDOR,13/05/19 8:45,13/05/19 11:15,Passenger Train,76.3,1AC,Flexible
385,19/04/19 5:33,GANDHINAGAR,MANDOR,13/05/19 9:40,13/05/19 12:23,Passenger Train,76.3,1AC,Flexible
386,19/04/19 5:33,GANDHINAGAR,MANDOR,13/05/19 9:50,13/05/19 12:36,Express Train,,1AC,Promo
387,19/04/19 5:33,GANDHINAGAR,MANDOR,13/05/19 10:45,13/05/19 13:17,Passenger Train,60.3,1AC,Promo
388,19/04/19 5:33,GANDHINAGAR,MANDOR,13/05/19 11:45,13/05/19 14:17,Passenger Train,60.3,1AC,Promo
389,19/04/19 5:33,GANDHINAGAR,MANDOR,13/05/19 12:18,13/05/19 14:56,Express Train,,1AC,Promo
390,19/04/19 5:33,GANDHINAGAR,MANDOR,13/05/19 12:40,13/05/19 15:23,Passenger Train,60.3,1AC,Promo
391,19/04/19 5:33,GANDHINAGAR,MANDOR,13/05/19 13:40,13/05/19 16:10,Passenger Train,60.3,1AC,Promo
392,19/04/19 5:33,GANDHINAGAR,MANDOR,13/05/19 14:45,13/05/19 17:15,Passenger Train,69.4,2AC,Promo
393,19/04/19 5:33,GANDHINAGAR,MANDOR,13/05/19 14:58,13/05/19 17:50,Express Train,,1AC,Promo
394,19/04/19 5:33,GANDHINAGAR,MANDOR,13/05/19 15:45,13/05/19 18:15,Passenger Train,60.3,1AC,Promo
395,19/04/19 5:33,GANDHINAGAR,MANDOR,13/05/19 16:15,13/05/19 18:54,Passenger Train,53.4,2AC,Promo
396,19/04/19 5:33,GANDHINAGAR,MANDOR,13/05/19 16:45,13/05/19 19:17,Passenger Train,69.4,1AC,Promo
397,19/04/19 5:33,GANDHINAGAR,MANDOR,13/05/19 17:45,13/05/19 20:17,Passenger Train,69.4,1AC,Promo
398,19/04/19 5:33,GANDHINAGAR,MANDOR,13/05/19 18:45,13/05/19 21:17,Passenger Train,60.3,1AC,Promo
399,19/04/19 5:33,GANDHINAGAR,MANDOR,13/05/19 19:19,13/05/19 21:59,INTERCITY,62.2,1AC,Flexible
400,19/04/19 5:33,GANDHINAGAR,MANDOR,13/05/19 19:45,13/05/19 22:17,Passenger Train,47.3,2AC,Promo
401,19/04/19 5:33,GANDHINAGAR,MANDOR,13/05/19 20:36,13/05/19 23:14,Express Train,67.2,1AC,Flexible
402,19/04/19 5:33,GANDHINAGAR,MANDOR,13/05/19 21:00,13/05/19 23:52,Super Fast,43.55,2AC,Promo
403,19/04/19 5:34,GANDHINAGAR,MANDOR,12/05/19 7:00,12/05/19 10:02,Super Fast,49.15,1AC,Promo
404,19/04/19 5:34,GANDHINAGAR,MANDOR,12/05/19 8:45,12/05/19 21:10,MD,52.5,SL,Flexible
405,19/04/19 5:34,GANDHINAGAR,MANDOR,12/05/19 8:45,12/05/19 11:15,Passenger Train,76.3,1AC,Flexible
406,19/04/19 5:34,GANDHINAGAR,MANDOR,12/05/19 9:50,12/05/19 12:36,Express Train,,1AC,Flexible
407,19/04/19 5:34,GANDHINAGAR,MANDOR,12/05/19 10:45,12/05/19 13:17,Passenger Train,76.3,1AC,Flexible
408,19/04/19 5:34,GANDHINAGAR,MANDOR,12/05/19 11:45,12/05/19 14:17,Passenger Train,101.5,2AC,Promo
409,19/04/19 5:34,GANDHINAGAR,MANDOR,12/05/19 12:18,12/05/19 14:56,Express Train,,2AC,Promo
410,19/04/19 5:34,GANDHINAGAR,MANDOR,12/05/19 12:40,12/05/19 15:23,Passenger Train,79.65,2AC,Promo
411,19/04/19 5:34,GANDHINAGAR,MANDOR,12/05/19 13:40,12/05/19 16:10,Passenger Train,101.5,2AC,Promo
412,19/04/19 5:34,GANDHINAGAR,MANDOR,12/05/19 14:45,12/05/19 17:15,Passenger Train,128.5,2AC,Flexible
413,19/04/19 5:34,GANDHINAGAR,MANDOR,12/05/19 14:58,12/05/19 17:50,Express Train,,1AC,Flexible
414,19/04/19 5:34,GANDHINAGAR,MANDOR,12/05/19 15:45,12/05/19 18:15,Passenger Train,76.3,1AC,Flexible
415,19/04/19 5:34,GANDHINAGAR,MANDOR,12/05/19 16:15,12/05/19 18:54,Passenger Train,76.3,1AC,Flexible
416,19/04/19 5:34,GANDHINAGAR,MANDOR,12/05/19 16:45,12/05/19 19:17,Passenger Train,,1AC,Flexible
417,19/04/19 5:34,GANDHINAGAR,MANDOR,12/05/19 17:45,12/05/19 20:17,Passenger Train,76.3,1AC,Flexible
418,19/04/19 5:34,GANDHINAGAR,MANDOR,12/05/19 18:45,12/05/19 21:17,Passenger Train,76.3,1AC,Flexible